{"cameraMode":{"drawMode":0,"name":"Shaded","section":"Shading Mode"},"sceneLighting":true,"audioPlay":false,"sceneViewState":{"showFog":true,"showMaterialUpdate":false,"showSkybox":true,"showFlares":true,"showImageEffects":true,"showParticleSystems":true},"in2DMode":false,"pivot":{"x":-0.9099276065826416,"y":-0.2099902629852295,"z":-3.0543861389160158},"rotation":{"x":-0.044118233025074008,"y":0.9445615410804749,"z":-0.2925076186656952,"w":-0.1424657702445984},"size":8.499999046325684,"orthographic":false}